{"main":{"language":"en","lastHostname":"192.168.10.180","darkTheme":true,"useBinaryPrefix":true,"disableAutoComplete":false,"settingsStorageLocal":false,"settingsSaveDelay":2000,"cacheStorageLocal":true,"cacheSaveDelay":4000,"notifications":{"errorsPersistent":true,"timeout":5000},"webcam":{"url":"","updateInterval":5000,"useFix":false,"embedded":false,"rotation":0,"flip":"none"}},"machine":{"ajaxRetries":2,"updateInterval":250,"extendedUpdateEvery":20,"fileTransferRetryThreshold":358400,"crcUploads":true,"pingInterval":2000,"babystepAmount":0.05,"codes":["G1 Z0","G1 Z0.5","G1 Z0.75","G1 Z1","G1 Z1000","G1 Z2","G1 Z300","G31 z1","G31 z1.0","G31 z1.05","M106 P2 S0.5","M106 P2 S0.6","M106 P2 S0.7","M118","M119","M280 P0 S1","M280 P0 S10","M280 P0 S120","M280 P0 S140","M280 P0 S160","M280 P0 S60","M280 P0 S90","M280 P0 s120","M280 Px S10","M280 Px S120","M280 Px S160","M280 Px S60","M280 Px S90","M303","M303 H0 S70","M303 H0 S75","M303 H1 S220","M303 H1 S230","M307 H0","M307 H1","M500","M501","M557 X26:340 Y30:370 S78:85","M564 S0 H0","M572 D0 S0.2","M572 D0 S0.25","M572 D0 S0.4","M84","g0 z0","g1 z0","g29","g29 s2","m119","m280 px S10","m280 px S60","m280 px S90","m280 px s120","m280 px s160","m280 px s90","m303 h1 s230","m500"],"displayedExtraTemperatures":[],"displayedExtruders":[0,1],"displayedFans":[-1,0],"moveSteps":{"X":[100,50,10,1,0.1],"Y":[100,50,10,1,0.1],"Z":[50,25,5,0.5,0.05],"default":[100,50,10,1,0.1]},"moveFeedrate":6000,"extruderAmounts":[100,50,20,10,5,1],"extruderFeedrates":[60,30,15,5,1],"temperatures":{"tool":{"active":[220,200,0],"standby":[180,0]},"bed":{"active":[100,90,70,60,0],"standby":[40,30,0]},"chamber":[90,80,70,60,50,40,0]},"spindleRPM":[10000,75000,5000,2500,1000,0]}}